user_id,item_id,rating,timestamp
1,1,5,19-Jul
1,2,,19-Jul
1,3,4,19-Jul
1,4,5,19-Jul
1,5,5,19-Jul
1,6,4,19-Jul
1,7,5,19-Jul
1,8,3,19-Jul
1,9,2,19-Jul
1,10,1,19-Jul
1,11,2,19-Jul
1,12,2,19-Jul
1,13,2,19-Jul
1,14,,19-Jul
1,15,5,19-Jul
1,16,4,19-Jul
1,17,4,19-Jul
1,18,5,19-Jul
1,19,2,19-Jul
1,20,1,19-Jul
1,21,2,19-Jul
1,22,1,19-Jul
1,23,3,19-Jul
1,24,3,19-Jul
1,25,,19-Jul
2,1,2,19-Jul
2,2,5,19-Jul
2,3,5,19-Jul
2,4,5,19-Jul
2,5,5,19-Jul
2,6,2,19-Jul
2,7,5,19-Jul
2,8,4,19-Jul
2,9,1,19-Jul
2,10,,19-Jul
2,11,3,19-Jul
2,12,5,19-Jul
2,13,2,19-Jul
2,14,5,19-Jul
2,15,5,19-Jul
2,16,3,19-Jul
2,17,2,19-Jul
2,18,1,19-Jul
2,19,1,19-Jul
2,20,1,19-Jul
2,21,2,19-Jul
2,22,3,19-Jul
2,23,5,19-Jul
2,24,2,19-Jul
2,25,5,19-Jul
3,1,5,19-Jul
3,2,1,19-Jul
3,3,5,19-Jul
3,4,2,19-Jul
3,5,,19-Jul
3,6,4,19-Jul
3,7,3,19-Jul
3,8,2,19-Jul
3,9,3,19-Jul
3,10,4,19-Jul
3,11,3,19-Jul
3,12,5,19-Jul
3,13,2,19-Jul
3,14,1,19-Jul
3,15,5,19-Jul
3,16,5,19-Jul
3,17,2,19-Jul
3,18,3,19-Jul
3,19,2,19-Jul
3,20,1,19-Jul
3,21,4,19-Jul
3,22,5,19-Jul
3,23,,19-Jul
3,24,2,19-Jul
3,25,1,19-Jul
4,1,3,19-Jul
4,2,3,19-Jul
4,3,2,19-Jul
4,4,1,19-Jul
4,5,3,19-Jul
4,6,2,19-Jul
4,7,1,19-Jul
4,8,3,19-Jul
4,9,5,19-Jul
4,10,2,19-Jul
4,11,1,19-Jul
4,12,2,19-Jul
4,13,3,19-Jul
4,14,2,19-Jul
4,15,5,19-Jul
4,16,2,19-Jul
4,17,3,19-Jul
4,18,2,19-Jul
4,19,,19-Jul
4,20,4,19-Jul
4,21,1,19-Jul
4,22,2,19-Jul
4,23,3,19-Jul
4,24,5,19-Jul
4,25,2,19-Jul
5,1,1,19-Jul
5,2,5,19-Jul
5,3,3,19-Jul
5,4,2,19-Jul
5,5,1,19-Jul
5,6,3,19-Jul
5,7,5,19-Jul
5,8,2,19-Jul
5,9,5,19-Jul
5,10,5,19-Jul
5,11,5,19-Jul
5,12,,19-Jul
5,13,5,19-Jul
5,14,5,19-Jul
5,15,3,19-Jul
5,16,1,19-Jul
5,17,2,19-Jul
5,18,3,19-Jul
5,19,2,19-Jul
5,20,1,19-Jul
5,21,5,19-Jul
5,22,3,19-Jul
5,23,2,19-Jul
5,24,5,19-Jul
5,25,4,19-Jul
6,1,,19-Jul
6,2,2,19-Jul
6,3,,19-Jul
6,4,2,19-Jul
6,5,2,19-Jul
6,6,2,19-Jul
6,7,3,19-Jul
6,8,5,19-Jul
6,9,4,19-Jul
6,10,2,19-Jul
6,11,3,19-Jul
6,12,3,19-Jul
6,13,2,19-Jul
6,14,1,19-Jul
6,15,5,19-Jul
6,16,,19-Jul
6,17,2,19-Jul
6,18,3,19-Jul
6,19,5,19-Jul
6,20,2,19-Jul
6,21,1,19-Jul
6,22,1,19-Jul
6,23,5,19-Jul
6,24,2,19-Jul
6,25,3,19-Jul
7,1,,19-Jul
7,2,2,19-Jul
7,3,1,19-Jul
7,4,2,19-Jul
7,5,,19-Jul
7,6,5,19-Jul
7,7,5,19-Jul
7,8,5,19-Jul
7,9,2,19-Jul
7,10,1,19-Jul
7,11,2,19-Jul
7,12,2,19-Jul
7,13,1,19-Jul
7,14,2,19-Jul
7,15,5,19-Jul
7,16,5,19-Jul
7,17,2,19-Jul
7,18,2,19-Jul
7,19,2,19-Jul
7,20,3,19-Jul
7,21,5,19-Jul
7,22,4,19-Jul
7,23,,19-Jul
7,24,4,19-Jul
7,25,3,19-Jul
8,1,,19-Jul
8,2,5,19-Jul
8,3,2,19-Jul
8,4,5,19-Jul
8,5,4,19-Jul
8,6,2,19-Jul
8,7,1,19-Jul
8,8,2,19-Jul
8,9,3,19-Jul
8,10,2,19-Jul
8,11,5,19-Jul
8,12,2,19-Jul
8,13,1,19-Jul
8,14,4,19-Jul
8,15,4,19-Jul
8,16,1,19-Jul
8,17,2,19-Jul
8,18,5,19-Jul
8,19,,19-Jul
8,20,3,19-Jul
8,21,2,19-Jul
8,22,1,19-Jul
8,23,4,19-Jul
8,24,5,19-Jul
8,25,3,19-Jul
9,1,,19-Jul
9,2,1,19-Jul
9,3,2,19-Jul
9,4,1,19-Jul
9,5,1,19-Jul
9,6,1,19-Jul
9,7,2,19-Jul
9,8,3,19-Jul
9,9,3,19-Jul
9,10,3,19-Jul
9,11,5,19-Jul
9,12,,19-Jul
9,13,5,19-Jul
9,14,2,19-Jul
9,15,4,19-Jul
9,16,2,19-Jul
9,17,5,19-Jul
9,18,4,19-Jul
9,19,5,19-Jul
9,20,2,19-Jul
9,21,5,19-Jul
9,22,4,19-Jul
9,23,2,19-Jul
9,24,1,19-Jul
9,25,2,19-Jul
10,1,,19-Jul
10,2,2,19-Jul
10,3,1,19-Jul
10,4,5,19-Jul
10,5,2,19-Jul
10,6,1,19-Jul
10,7,3,19-Jul
10,8,,19-Jul
10,9,5,19-Jul
10,10,2,19-Jul
10,11,1,19-Jul
10,12,5,19-Jul
10,13,4,19-Jul
10,14,1,19-Jul
10,15,5,19-Jul
10,16,5,19-Jul
10,17,2,19-Jul
10,18,3,19-Jul
10,19,2,19-Jul
10,20,5,19-Jul
10,21,2,19-Jul
10,22,1,19-Jul
10,23,4,19-Jul
10,24,1,19-Jul
10,25,2,19-Jul
11,1,,19-Jul
11,2,5,19-Jul
11,3,3,19-Jul
11,4,2,19-Jul
11,5,1,19-Jul
11,6,1,19-Jul
11,7,4,19-Jul
11,8,4,19-Jul
11,9,4,19-Jul
11,10,4,19-Jul
11,11,3,19-Jul
11,12,1,19-Jul
11,13,4,19-Jul
11,14,4,19-Jul
11,15,5,19-Jul
11,16,1,19-Jul
11,17,1,19-Jul
11,18,1,19-Jul
11,19,5,19-Jul
11,20,1,19-Jul
11,21,4,19-Jul
11,22,3,19-Jul
11,23,1,19-Jul
11,24,2,19-Jul
11,25,1,19-Jul
12,1,3,19-Jul
12,2,2,19-Jul
12,3,1,19-Jul
12,4,1,19-Jul
12,5,3,19-Jul
12,6,3,19-Jul
12,7,3,19-Jul
12,8,1,19-Jul
12,9,4,19-Jul
12,10,5,19-Jul
12,11,5,19-Jul
12,12,5,19-Jul
12,13,1,19-Jul
12,14,3,19-Jul
12,15,,19-Jul
12,16,1,19-Jul
12,17,5,19-Jul
12,18,5,19-Jul
12,19,2,19-Jul
12,20,2,19-Jul
12,21,4,19-Jul
12,22,5,19-Jul
12,23,4,19-Jul
12,24,2,19-Jul
12,25,1,19-Jul
13,1,5,19-Jul
13,2,5,19-Jul
13,3,5,19-Jul
13,4,1,19-Jul
13,5,5,19-Jul
13,6,2,19-Jul
13,7,2,19-Jul
13,8,2,19-Jul
13,9,2,19-Jul
13,10,1,19-Jul
13,11,3,19-Jul
13,12,4,19-Jul
13,13,3,19-Jul
13,14,3,19-Jul
13,15,5,19-Jul
13,16,1,19-Jul
13,17,1,19-Jul
13,18,5,19-Jul
13,19,3,19-Jul
13,20,5,19-Jul
13,21,5,19-Jul
13,22,2,19-Jul
13,23,3,19-Jul
13,24,2,19-Jul
13,25,4,19-Jul
14,1,4,19-Jul
14,2,2,19-Jul
14,3,5,19-Jul
14,4,5,19-Jul
14,5,2,19-Jul
14,6,3,19-Jul
14,7,,19-Jul
14,8,4,19-Jul
14,9,,19-Jul
14,10,,19-Jul
14,11,4,19-Jul
14,12,1,19-Jul
14,13,5,19-Jul
14,14,2,19-Jul
14,15,5,19-Jul
14,16,3,19-Jul
14,17,3,19-Jul
14,18,2,19-Jul
14,19,4,19-Jul
14,20,4,19-Jul
14,21,3,19-Jul
14,22,1,19-Jul
14,23,1,19-Jul
14,24,3,19-Jul
14,25,5,19-Jul
15,1,5,19-Jul
15,2,3,19-Jul
15,3,5,19-Jul
15,4,5,19-Jul
15,5,3,19-Jul
15,6,5,19-Jul
15,7,3,19-Jul
15,8,1,19-Jul
15,9,3,19-Jul
15,10,4,19-Jul
15,11,3,19-Jul
15,12,4,19-Jul
15,13,3,19-Jul
15,14,2,19-Jul
15,15,5,19-Jul
15,16,4,19-Jul
15,17,5,19-Jul
15,18,5,19-Jul
15,19,1,19-Jul
15,20,5,19-Jul
15,21,5,19-Jul
15,22,1,19-Jul
15,23,2,19-Jul
15,24,3,19-Jul
15,25,4,19-Jul
16,1,1,19-Jul
16,2,1,19-Jul
16,3,4,19-Jul
16,4,3,19-Jul
16,5,2,19-Jul
16,6,2,19-Jul
16,7,1,19-Jul
16,8,5,19-Jul
16,9,4,19-Jul
16,10,2,19-Jul
16,11,4,19-Jul
16,12,2,19-Jul
16,13,5,19-Jul
16,14,,19-Jul
16,15,5,19-Jul
16,16,5,19-Jul
16,17,3,19-Jul
16,18,2,19-Jul
16,19,1,19-Jul
16,20,5,19-Jul
16,21,2,19-Jul
16,22,5,19-Jul
16,23,2,19-Jul
16,24,1,19-Jul
16,25,1,19-Jul
17,1,5,19-Jul
17,2,4,19-Jul
17,3,3,19-Jul
17,4,1,19-Jul
17,5,1,19-Jul
17,6,1,19-Jul
17,7,3,19-Jul
17,8,2,19-Jul
17,9,2,19-Jul
17,10,5,19-Jul
17,11,3,19-Jul
17,12,1,19-Jul
17,13,5,19-Jul
17,14,2,19-Jul
17,15,1,19-Jul
17,16,,19-Jul
17,17,1,19-Jul
17,18,4,19-Jul
17,19,5,19-Jul
17,20,4,19-Jul
17,21,5,19-Jul
17,22,5,19-Jul
17,23,5,19-Jul
17,24,1,19-Jul
17,25,5,19-Jul
18,1,4,19-Jul
18,2,5,19-Jul
18,3,3,19-Jul
18,4,3,19-Jul
18,5,3,19-Jul
18,6,2,19-Jul
18,7,5,19-Jul
18,8,1,19-Jul
18,9,,19-Jul
18,10,5,19-Jul
18,11,1,19-Jul
18,12,1,19-Jul
18,13,4,19-Jul
18,14,2,19-Jul
18,15,5,19-Jul
18,16,5,19-Jul
18,17,4,19-Jul
18,18,3,19-Jul
18,19,2,19-Jul
18,20,4,19-Jul
18,21,5,19-Jul
18,22,3,19-Jul
18,23,1,19-Jul
18,24,4,19-Jul
18,25,3,19-Jul
19,1,4,19-Jul
19,2,3,19-Jul
19,3,5,19-Jul
19,4,2,19-Jul
19,5,,19-Jul
19,6,1,19-Jul
19,7,3,19-Jul
19,8,4,19-Jul
19,9,2,19-Jul
19,10,3,19-Jul
19,11,1,19-Jul
19,12,2,19-Jul
19,13,1,19-Jul
19,14,4,19-Jul
19,15,5,19-Jul
19,16,3,19-Jul
19,17,3,19-Jul
19,18,1,19-Jul
19,19,1,19-Jul
19,20,2,19-Jul
19,21,3,19-Jul
19,22,1,19-Jul
19,23,2,19-Jul
19,24,4,19-Jul
19,25,1,19-Jul
20,1,4,19-Jul
20,2,1,19-Jul
20,3,4,19-Jul
20,4,5,19-Jul
20,5,,19-Jul
20,6,4,19-Jul
20,7,3,19-Jul
20,8,3,19-Jul
20,9,3,19-Jul
20,10,1,19-Jul
20,11,2,19-Jul
20,12,3,19-Jul
20,13,1,19-Jul
20,14,4,19-Jul
20,15,5,19-Jul
20,16,5,19-Jul
20,17,2,19-Jul
20,18,3,19-Jul
20,19,2,19-Jul
20,20,4,19-Jul
20,21,3,19-Jul
20,22,4,19-Jul
20,23,4,19-Jul
20,24,1,19-Jul
20,25,4,19-Jul
21,1,2,19-Jul
21,2,1,19-Jul
21,3,1,19-Jul
21,4,,19-Jul
21,5,3,19-Jul
21,6,3,19-Jul
21,7,2,19-Jul
21,8,4,19-Jul
21,9,5,19-Jul
21,10,3,19-Jul
21,11,4,19-Jul
21,12,4,19-Jul
21,13,3,19-Jul
21,14,5,19-Jul
21,15,5,19-Jul
21,16,1,19-Jul
21,17,1,19-Jul
21,18,3,19-Jul
21,19,2,19-Jul
21,20,1,19-Jul
21,21,2,19-Jul
21,22,4,19-Jul
21,23,5,19-Jul
21,24,1,19-Jul
21,25,,19-Jul
22,1,3,19-Jul
22,2,2,19-Jul
22,3,3,19-Jul
22,4,2,19-Jul
22,5,4,19-Jul
22,6,1,19-Jul
22,7,3,19-Jul
22,8,2,19-Jul
22,9,5,19-Jul
22,10,4,19-Jul
22,11,2,19-Jul
22,12,3,19-Jul
22,13,1,19-Jul
22,14,1,19-Jul
22,15,5,19-Jul
22,16,1,19-Jul
22,17,4,19-Jul
22,18,5,19-Jul
22,19,5,19-Jul
22,20,3,19-Jul
22,21,,19-Jul
22,22,5,19-Jul
22,23,1,19-Jul
22,24,4,19-Jul
22,25,3,19-Jul
23,1,3,19-Jul
23,2,4,19-Jul
23,3,1,19-Jul
23,4,2,19-Jul
23,5,5,19-Jul
23,6,3,19-Jul
23,7,4,19-Jul
23,8,5,19-Jul
23,9,5,19-Jul
23,10,1,19-Jul
23,11,4,19-Jul
23,12,4,19-Jul
23,13,3,19-Jul
23,14,3,19-Jul
23,15,5,19-Jul
23,16,1,19-Jul
23,17,,19-Jul
23,18,5,19-Jul
23,19,2,19-Jul
23,20,3,19-Jul
23,21,3,19-Jul
23,22,1,19-Jul
23,23,3,19-Jul
23,24,1,19-Jul
23,25,2,19-Jul
24,1,2,19-Jul
24,2,1,19-Jul
24,3,4,19-Jul
24,4,1,19-Jul
24,5,4,19-Jul
24,6,4,19-Jul
24,7,2,19-Jul
24,8,4,19-Jul
24,9,4,19-Jul
24,10,4,19-Jul
24,11,5,19-Jul
24,12,4,19-Jul
24,13,,19-Jul
24,14,2,19-Jul
24,15,5,19-Jul
24,16,3,19-Jul
24,17,3,19-Jul
24,18,4,19-Jul
24,19,1,19-Jul
24,20,3,19-Jul
24,21,3,19-Jul
24,22,4,19-Jul
24,23,4,19-Jul
24,24,5,19-Jul
24,25,1,19-Jul
25,1,1,19-Jul
25,2,5,19-Jul
25,3,1,19-Jul
25,4,4,19-Jul
25,5,5,19-Jul
25,6,1,19-Jul
25,7,4,19-Jul
25,8,3,19-Jul
25,9,,19-Jul
25,10,2,19-Jul
25,11,2,19-Jul
25,12,1,19-Jul
25,13,1,19-Jul
25,14,5,19-Jul
25,15,5,19-Jul
25,16,2,19-Jul
25,17,4,19-Jul
25,18,2,19-Jul
25,19,2,19-Jul
25,20,2,19-Jul
25,21,2,19-Jul
25,22,1,19-Jul
25,23,5,19-Jul
25,24,,19-Jul
25,25,2,19-Jul
26,1,4,19-Jul
26,2,1,19-Jul
26,3,1,19-Jul
26,4,2,19-Jul
26,5,4,19-Jul
26,6,5,19-Jul
26,7,4,19-Jul
26,8,3,19-Jul
26,9,1,19-Jul
26,10,3,19-Jul
26,11,5,19-Jul
26,12,5,19-Jul
26,13,5,19-Jul
26,14,,19-Jul
26,15,5,19-Jul
26,16,3,19-Jul
26,17,1,19-Jul
26,18,2,19-Jul
26,19,1,19-Jul
26,20,5,19-Jul
26,21,5,19-Jul
26,22,5,19-Jul
26,23,2,19-Jul
26,24,1,19-Jul
26,25,3,19-Jul
27,1,5,19-Jul
27,2,4,19-Jul
27,3,5,19-Jul
27,4,1,19-Jul
27,5,3,19-Jul
27,6,1,19-Jul
27,7,1,19-Jul
27,8,3,19-Jul
27,9,2,19-Jul
27,10,,19-Jul
27,11,5,19-Jul
27,12,5,19-Jul
27,13,1,19-Jul
27,14,1,19-Jul
27,15,5,19-Jul
27,16,3,19-Jul
27,17,2,19-Jul
27,18,3,19-Jul
27,19,4,19-Jul
27,20,3,19-Jul
27,21,1,19-Jul
27,22,3,19-Jul
27,23,2,19-Jul
27,24,3,19-Jul
27,25,5,19-Jul
28,1,5,19-Jul
28,2,1,19-Jul
28,3,,19-Jul
28,4,4,19-Jul
28,5,4,19-Jul
28,6,5,19-Jul
28,7,2,19-Jul
28,8,1,19-Jul
28,9,1,19-Jul
28,10,5,19-Jul
28,11,1,19-Jul
28,12,4,19-Jul
28,13,2,19-Jul
28,14,5,19-Jul
28,15,4,19-Jul
28,16,4,19-Jul
28,17,3,19-Jul
28,18,5,19-Jul
28,19,1,19-Jul
28,20,3,19-Jul
28,21,3,19-Jul
28,22,1,19-Jul
28,23,2,19-Jul
28,24,5,19-Jul
28,25,3,19-Jul
29,1,4,19-Jul
29,2,4,19-Jul
29,3,4,19-Jul
29,4,5,19-Jul
29,5,3,19-Jul
29,6,5,19-Jul
29,7,3,19-Jul
29,8,5,19-Jul
29,9,3,19-Jul
29,10,2,19-Jul
29,11,1,19-Jul
29,12,2,19-Jul
29,13,4,19-Jul
29,14,1,19-Jul
29,15,5,19-Jul
29,16,3,19-Jul
29,17,2,19-Jul
29,18,4,19-Jul
29,19,5,19-Jul
29,20,5,19-Jul
29,21,2,19-Jul
29,22,1,19-Jul
29,23,1,19-Jul
29,24,3,19-Jul
29,25,5,19-Jul
30,1,5,19-Jul
30,2,1,19-Jul
30,3,4,19-Jul
30,4,3,19-Jul
30,5,4,19-Jul
30,6,2,19-Jul
30,7,1,19-Jul
30,8,2,19-Jul
30,9,2,19-Jul
30,10,4,19-Jul
30,11,5,19-Jul
30,12,3,19-Jul
30,13,2,19-Jul
30,14,1,19-Jul
30,15,5,19-Jul
30,16,5,19-Jul
30,17,3,19-Jul
30,18,1,19-Jul
30,19,1,19-Jul
30,20,4,19-Jul
30,21,4,19-Jul
30,22,5,19-Jul
30,23,2,19-Jul
30,24,3,19-Jul
30,25,5,19-Jul
31,1,3,19-Jul
31,2,4,19-Jul
31,3,5,19-Jul
31,4,4,19-Jul
31,5,2,19-Jul
31,6,5,19-Jul
31,7,5,19-Jul
31,8,2,19-Jul
31,9,5,19-Jul
31,10,3,19-Jul
31,11,1,19-Jul
31,12,2,19-Jul
31,13,5,19-Jul
31,14,3,19-Jul
31,15,5,19-Jul
31,16,4,19-Jul
31,17,2,19-Jul
31,18,3,19-Jul
31,19,3,19-Jul
31,20,5,19-Jul
31,21,3,19-Jul
31,22,3,19-Jul
31,23,4,19-Jul
31,24,1,19-Jul
31,25,2,19-Jul
32,1,1,19-Jul
32,2,4,19-Jul
32,3,5,19-Jul
32,4,5,19-Jul
32,5,2,19-Jul
32,6,3,19-Jul
32,7,5,19-Jul
32,8,5,19-Jul
32,9,2,19-Jul
32,10,3,19-Jul
32,11,1,19-Jul
32,12,5,19-Jul
32,13,4,19-Jul
32,14,2,19-Jul
32,15,5,19-Jul
32,16,5,19-Jul
32,17,2,19-Jul
32,18,5,19-Jul
32,19,5,19-Jul
32,20,2,19-Jul
32,21,2,19-Jul
32,22,3,19-Jul
32,23,2,19-Jul
32,24,3,19-Jul
32,25,3,19-Jul
33,1,4,19-Jul
33,2,2,19-Jul
33,3,3,19-Jul
33,4,4,19-Jul
33,5,3,19-Jul
33,6,3,19-Jul
33,7,4,19-Jul
33,8,2,19-Jul
33,9,1,19-Jul
33,10,2,19-Jul
33,11,1,19-Jul
33,12,3,19-Jul
33,13,4,19-Jul
33,14,4,19-Jul
33,15,1,19-Jul
33,16,5,19-Jul
33,17,2,19-Jul
33,18,5,19-Jul
33,19,1,19-Jul
33,20,5,19-Jul
33,21,1,19-Jul
33,22,2,19-Jul
33,23,3,19-Jul
33,24,3,19-Jul
33,25,4,19-Jul
34,1,2,19-Jul
34,2,2,19-Jul
34,3,1,19-Jul
34,4,3,19-Jul
34,5,3,19-Jul
34,6,4,19-Jul
34,7,4,19-Jul
34,8,4,19-Jul
34,9,4,19-Jul
34,10,3,19-Jul
34,11,1,19-Jul
34,12,5,19-Jul
34,13,5,19-Jul
34,14,4,19-Jul
34,15,5,19-Jul
34,16,5,19-Jul
34,17,4,19-Jul
34,18,3,19-Jul
34,19,5,19-Jul
34,20,4,19-Jul
34,21,5,19-Jul
34,22,4,19-Jul
34,23,3,19-Jul
34,24,5,19-Jul
34,25,5,19-Jul
35,1,4,19-Jul
35,2,4,19-Jul
35,3,3,19-Jul
35,4,5,19-Jul
35,5,2,19-Jul
35,6,2,19-Jul
35,7,3,19-Jul
35,8,5,19-Jul
35,9,5,19-Jul
35,10,4,19-Jul
35,11,1,19-Jul
35,12,5,19-Jul
35,13,5,19-Jul
35,14,1,19-Jul
35,15,5,19-Jul
35,16,3,19-Jul
35,17,1,19-Jul
35,18,4,19-Jul
35,19,5,19-Jul
35,20,5,19-Jul
35,21,2,19-Jul
35,22,5,19-Jul
35,23,4,19-Jul
35,24,2,19-Jul
35,25,5,19-Jul
36,1,1,19-Jul
36,2,1,19-Jul
36,3,1,19-Jul
36,4,3,19-Jul
36,5,3,19-Jul
36,6,3,19-Jul
36,7,3,19-Jul
36,8,2,19-Jul
36,9,3,19-Jul
36,10,4,19-Jul
36,11,4,19-Jul
36,12,2,19-Jul
36,13,2,19-Jul
36,14,3,19-Jul
36,15,5,19-Jul
36,16,3,19-Jul
36,17,3,19-Jul
36,18,4,19-Jul
36,19,5,19-Jul
36,20,3,19-Jul
36,21,2,19-Jul
36,22,5,19-Jul
36,23,4,19-Jul
36,24,1,19-Jul
36,25,1,19-Jul
37,1,5,19-Jul
37,2,4,19-Jul
37,3,4,19-Jul
37,4,1,19-Jul
37,5,4,19-Jul
37,6,2,19-Jul
37,7,4,19-Jul
37,8,3,19-Jul
37,9,3,19-Jul
37,10,1,19-Jul
37,11,2,19-Jul
37,12,4,19-Jul
37,13,1,19-Jul
37,14,4,19-Jul
37,15,5,19-Jul
37,16,3,19-Jul
37,17,1,19-Jul
37,18,4,19-Jul
37,19,4,19-Jul
37,20,4,19-Jul
37,21,5,19-Jul
37,22,1,19-Jul
37,23,1,19-Jul
37,24,3,19-Jul
37,25,4,19-Jul
38,1,2,19-Jul
38,2,3,19-Jul
38,3,4,19-Jul
38,4,3,19-Jul
38,5,3,19-Jul
38,6,5,19-Jul
38,7,3,19-Jul
38,8,5,19-Jul
38,9,1,19-Jul
38,10,2,19-Jul
38,11,1,19-Jul
38,12,3,19-Jul
38,13,1,19-Jul
38,14,1,19-Jul
38,15,5,19-Jul
38,16,1,19-Jul
38,17,1,19-Jul
38,18,3,19-Jul
38,19,2,19-Jul
38,20,2,19-Jul
38,21,1,19-Jul
38,22,4,19-Jul
38,23,4,19-Jul
38,24,5,19-Jul
38,25,1,19-Jul
39,1,3,19-Jul
39,2,5,19-Jul
39,3,2,19-Jul
39,4,1,19-Jul
39,5,2,19-Jul
39,6,4,19-Jul
39,7,3,19-Jul
39,8,2,19-Jul
39,9,2,19-Jul
39,10,3,19-Jul
39,11,1,19-Jul
39,12,2,19-Jul
39,13,4,19-Jul
39,14,3,19-Jul
39,15,5,19-Jul
39,16,3,19-Jul
39,17,4,19-Jul
39,18,2,19-Jul
39,19,2,19-Jul
39,20,2,19-Jul
39,21,5,19-Jul
39,22,5,19-Jul
39,23,4,19-Jul
39,24,2,19-Jul
39,25,4,19-Jul
40,1,2,19-Jul
40,2,1,19-Jul
40,3,4,19-Jul
40,4,2,19-Jul
40,5,4,19-Jul
40,6,2,19-Jul
40,7,1,19-Jul
40,8,5,19-Jul
40,9,4,19-Jul
40,10,1,19-Jul
40,11,3,19-Jul
40,12,2,19-Jul
40,13,3,19-Jul
40,14,5,19-Jul
40,15,1,19-Jul
40,16,5,19-Jul
40,17,5,19-Jul
40,18,4,19-Jul
40,19,2,19-Jul
40,20,1,19-Jul
40,21,5,19-Jul
40,22,5,19-Jul
40,23,3,19-Jul
40,24,4,19-Jul
40,25,2,19-Jul
41,1,3,19-Jul
41,2,3,19-Jul
41,3,3,19-Jul
41,4,1,19-Jul
41,5,4,19-Jul
41,6,5,19-Jul
41,7,3,19-Jul
41,8,1,19-Jul
41,9,3,19-Jul
41,10,2,19-Jul
41,11,2,19-Jul
41,12,5,19-Jul
41,13,2,19-Jul
41,14,2,19-Jul
41,15,5,19-Jul
41,16,1,19-Jul
41,17,1,19-Jul
41,18,3,19-Jul
41,19,4,19-Jul
41,20,2,19-Jul
41,21,4,19-Jul
41,22,1,19-Jul
41,23,3,19-Jul
41,24,3,19-Jul
41,25,4,19-Jul
42,1,3,19-Jul
42,2,1,19-Jul
42,3,1,19-Jul
42,4,1,19-Jul
42,5,1,19-Jul
42,6,3,19-Jul
42,7,5,19-Jul
42,8,4,19-Jul
42,9,3,19-Jul
42,10,5,19-Jul
42,11,3,19-Jul
42,12,5,19-Jul
42,13,1,19-Jul
42,14,5,19-Jul
42,15,5,19-Jul
42,16,1,19-Jul
42,17,5,19-Jul
42,18,1,19-Jul
42,19,3,19-Jul
42,20,2,19-Jul
42,21,4,19-Jul
42,22,1,19-Jul
42,23,1,19-Jul
42,24,3,19-Jul
42,25,1,19-Jul
43,1,2,19-Jul
43,2,4,19-Jul
43,3,1,19-Jul
43,4,5,19-Jul
43,5,5,19-Jul
43,6,5,19-Jul
43,7,1,19-Jul
43,8,3,19-Jul
43,9,1,19-Jul
43,10,3,19-Jul
43,11,2,19-Jul
43,12,1,19-Jul
43,13,5,19-Jul
43,14,3,19-Jul
43,15,5,19-Jul
43,16,1,19-Jul
43,17,3,19-Jul
43,18,5,19-Jul
43,19,2,19-Jul
43,20,3,19-Jul
43,21,4,19-Jul
43,22,5,19-Jul
43,23,4,19-Jul
43,24,2,19-Jul
43,25,3,19-Jul
44,1,3,19-Jul
44,2,4,19-Jul
44,3,5,19-Jul
44,4,4,19-Jul
44,5,2,19-Jul
44,6,1,19-Jul
44,7,4,19-Jul
44,8,4,19-Jul
44,9,2,19-Jul
44,10,5,19-Jul
44,11,2,19-Jul
44,12,3,19-Jul
44,13,5,19-Jul
44,14,2,19-Jul
44,15,5,19-Jul
44,16,5,19-Jul
44,17,3,19-Jul
44,18,1,19-Jul
44,19,5,19-Jul
44,20,2,19-Jul
44,21,4,19-Jul
44,22,4,19-Jul
44,23,2,19-Jul
44,24,4,19-Jul
44,25,1,19-Jul
45,1,2,19-Jul
45,2,3,19-Jul
45,3,4,19-Jul
45,4,5,19-Jul
45,5,1,19-Jul
45,6,5,19-Jul
45,7,5,19-Jul
45,8,1,19-Jul
45,9,5,19-Jul
45,10,2,19-Jul
45,11,2,19-Jul
45,12,5,19-Jul
45,13,1,19-Jul
45,14,2,19-Jul
45,15,4,19-Jul
45,16,2,19-Jul
45,17,2,19-Jul
45,18,3,19-Jul
45,19,1,19-Jul
45,20,2,19-Jul
45,21,4,19-Jul
45,22,4,19-Jul
45,23,4,19-Jul
45,24,5,19-Jul
45,25,1,19-Jul
46,1,2,19-Jul
46,2,4,19-Jul
46,3,3,19-Jul
46,4,2,19-Jul
46,5,4,19-Jul
46,6,4,19-Jul
46,7,2,19-Jul
46,8,2,19-Jul
46,9,4,19-Jul
46,10,4,19-Jul
46,11,5,19-Jul
46,12,4,19-Jul
46,13,5,19-Jul
46,14,5,19-Jul
46,15,5,19-Jul
46,16,2,19-Jul
46,17,3,19-Jul
46,18,5,19-Jul
46,19,1,19-Jul
46,20,3,19-Jul
46,21,4,19-Jul
46,22,1,19-Jul
46,23,4,19-Jul
46,24,2,19-Jul
46,25,2,19-Jul
47,1,1,19-Jul
47,2,2,19-Jul
47,3,2,19-Jul
47,4,4,19-Jul
47,5,4,19-Jul
47,6,4,19-Jul
47,7,5,19-Jul
47,8,2,19-Jul
47,9,3,19-Jul
47,10,4,19-Jul
47,11,2,19-Jul
47,12,2,19-Jul
47,13,1,19-Jul
47,14,5,19-Jul
47,15,5,19-Jul
47,16,1,19-Jul
47,17,4,19-Jul
47,18,4,19-Jul
47,19,3,19-Jul
47,20,2,19-Jul
47,21,2,19-Jul
47,22,2,19-Jul
47,23,5,19-Jul
47,24,1,19-Jul
47,25,4,19-Jul
48,1,1,19-Jul
48,2,3,19-Jul
48,3,2,19-Jul
48,4,5,19-Jul
48,5,5,19-Jul
48,6,5,19-Jul
48,7,4,19-Jul
48,8,4,19-Jul
48,9,4,19-Jul
48,10,3,19-Jul
48,11,3,19-Jul
48,12,5,19-Jul
48,13,4,19-Jul
48,14,4,19-Jul
48,15,5,19-Jul
48,16,1,19-Jul
48,17,2,19-Jul
48,18,1,19-Jul
48,19,5,19-Jul
48,20,2,19-Jul
48,21,2,19-Jul
48,22,1,19-Jul
48,23,2,19-Jul
48,24,3,19-Jul
48,25,5,19-Jul
49,1,3,19-Jul
49,2,3,19-Jul
49,3,2,19-Jul
49,4,5,19-Jul
49,5,3,19-Jul
49,6,4,19-Jul
49,7,5,19-Jul
49,8,4,19-Jul
49,9,3,19-Jul
49,10,3,19-Jul
49,11,4,19-Jul
49,12,2,19-Jul
49,13,4,19-Jul
49,14,1,19-Jul
49,15,5,19-Jul
49,16,3,19-Jul
49,17,5,19-Jul
49,18,2,19-Jul
49,19,3,19-Jul
49,20,1,19-Jul
49,21,4,19-Jul
49,22,2,19-Jul
49,23,2,19-Jul
49,24,2,19-Jul
49,25,5,19-Jul
50,1,5,19-Jul
50,2,3,19-Jul
50,3,5,19-Jul
50,4,2,19-Jul
50,5,5,19-Jul
50,6,1,19-Jul
50,7,4,19-Jul
50,8,4,19-Jul
50,9,2,19-Jul
50,10,4,19-Jul
50,11,2,19-Jul
50,12,4,19-Jul
50,13,5,19-Jul
50,14,2,19-Jul
50,15,5,19-Jul
50,16,5,19-Jul
50,17,4,19-Jul
50,18,5,19-Jul
50,19,3,19-Jul
50,20,3,19-Jul
50,21,1,19-Jul
50,22,1,19-Jul
50,23,1,19-Jul
50,24,5,19-Jul
50,25,2,19-Jul
51,1,2,19-Jul
51,2,4,19-Jul
51,3,4,19-Jul
51,4,1,19-Jul
51,5,1,19-Jul
51,6,4,19-Jul
51,7,1,19-Jul
51,8,1,19-Jul
51,9,2,19-Jul
51,10,3,19-Jul
51,11,1,19-Jul
51,12,3,19-Jul
51,13,4,19-Jul
51,14,2,19-Jul
51,15,5,19-Jul
51,16,2,19-Jul
51,17,4,19-Jul
51,18,5,19-Jul
51,19,4,19-Jul
51,20,3,19-Jul
51,21,3,19-Jul
51,22,4,19-Jul
51,23,2,19-Jul
51,24,1,19-Jul
51,25,5,19-Jul
52,1,2,19-Jul
52,2,2,19-Jul
52,3,1,19-Jul
52,4,4,19-Jul
52,5,3,19-Jul
52,6,1,19-Jul
52,7,5,19-Jul
52,8,2,19-Jul
52,9,4,19-Jul
52,10,3,19-Jul
52,11,2,19-Jul
52,12,4,19-Jul
52,13,4,19-Jul
52,14,5,19-Jul
52,15,5,19-Jul
52,16,3,19-Jul
52,17,4,19-Jul
52,18,2,19-Jul
52,19,1,19-Jul
52,20,5,19-Jul
52,21,1,19-Jul
52,22,2,19-Jul
52,23,2,19-Jul
52,24,5,19-Jul
52,25,3,19-Jul
53,1,3,19-Jul
53,2,5,19-Jul
53,3,2,19-Jul
53,4,2,19-Jul
53,5,2,19-Jul
53,6,4,19-Jul
53,7,2,19-Jul
53,8,5,19-Jul
53,9,4,19-Jul
53,10,2,19-Jul
53,11,5,19-Jul
53,12,3,19-Jul
53,13,1,19-Jul
53,14,1,19-Jul
53,15,5,19-Jul
53,16,2,19-Jul
53,17,4,19-Jul
53,18,1,19-Jul
53,19,3,19-Jul
53,20,1,19-Jul
53,21,1,19-Jul
53,22,2,19-Jul
53,23,5,19-Jul
53,24,4,19-Jul
53,25,5,19-Jul
54,1,3,19-Jul
54,2,4,19-Jul
54,3,4,19-Jul
54,4,3,19-Jul
54,5,5,19-Jul
54,6,5,19-Jul
54,7,4,19-Jul
54,8,2,19-Jul
54,9,2,19-Jul
54,10,3,19-Jul
54,11,1,19-Jul
54,12,2,19-Jul
54,13,5,19-Jul
54,14,1,19-Jul
54,15,5,19-Jul
54,16,3,19-Jul
54,17,4,19-Jul
54,18,5,19-Jul
54,19,2,19-Jul
54,20,2,19-Jul
54,21,5,19-Jul
54,22,5,19-Jul
54,23,3,19-Jul
54,24,4,19-Jul
54,25,4,19-Jul
55,1,5,19-Jul
55,2,1,19-Jul
55,3,2,19-Jul
55,4,2,19-Jul
55,5,4,19-Jul
55,6,5,19-Jul
55,7,1,19-Jul
55,8,2,19-Jul
55,9,3,19-Jul
55,10,2,19-Jul
55,11,2,19-Jul
55,12,4,19-Jul
55,13,3,19-Jul
55,14,2,19-Jul
55,15,5,19-Jul
55,16,3,19-Jul
55,17,5,19-Jul
55,18,5,19-Jul
55,19,1,19-Jul
55,20,5,19-Jul
55,21,2,19-Jul
55,22,1,19-Jul
55,23,3,19-Jul
55,24,5,19-Jul
55,25,4,19-Jul
56,1,3,19-Jul
56,2,1,19-Jul
56,3,1,19-Jul
56,4,1,19-Jul
56,5,5,19-Jul
56,6,1,19-Jul
56,7,1,19-Jul
56,8,2,19-Jul
56,9,1,19-Jul
56,10,1,19-Jul
56,11,5,19-Jul
56,12,4,19-Jul
56,13,4,19-Jul
56,14,4,19-Jul
56,15,5,19-Jul
56,16,2,19-Jul
56,17,3,19-Jul
56,18,5,19-Jul
56,19,4,19-Jul
56,20,2,19-Jul
56,21,3,19-Jul
56,22,1,19-Jul
56,23,1,19-Jul
56,24,5,19-Jul
56,25,4,19-Jul
57,1,4,19-Jul
57,2,2,19-Jul
57,3,1,19-Jul
57,4,2,19-Jul
57,5,1,19-Jul
57,6,5,19-Jul
57,7,4,19-Jul
57,8,5,19-Jul
57,9,5,19-Jul
57,10,1,19-Jul
57,11,2,19-Jul
57,12,2,19-Jul
57,13,1,19-Jul
57,14,4,19-Jul
57,15,5,19-Jul
57,16,4,19-Jul
57,17,3,19-Jul
57,18,2,19-Jul
57,19,1,19-Jul
57,20,5,19-Jul
57,21,4,19-Jul
57,22,1,19-Jul
57,23,1,19-Jul
57,24,3,19-Jul
57,25,4,19-Jul
58,1,3,19-Jul
58,2,2,19-Jul
58,3,1,19-Jul
58,4,4,19-Jul
58,5,4,19-Jul
58,6,5,19-Jul
58,7,3,19-Jul
58,8,4,19-Jul
58,9,4,19-Jul
58,10,4,19-Jul
58,11,4,19-Jul
58,12,4,19-Jul
58,13,3,19-Jul
58,14,1,19-Jul
58,15,2,19-Jul
58,16,4,19-Jul
58,17,5,19-Jul
58,18,1,19-Jul
58,19,1,19-Jul
58,20,1,19-Jul
58,21,2,19-Jul
58,22,3,19-Jul
58,23,1,19-Jul
58,24,1,19-Jul
58,25,2,19-Jul
59,1,3,19-Jul
59,2,3,19-Jul
59,3,3,19-Jul
59,4,2,19-Jul
59,5,5,19-Jul
59,6,1,19-Jul
59,7,4,19-Jul
59,8,5,19-Jul
59,9,4,19-Jul
59,10,3,19-Jul
59,11,3,19-Jul
59,12,1,19-Jul
59,13,2,19-Jul
59,14,2,19-Jul
59,15,4,19-Jul
59,16,5,19-Jul
59,17,1,19-Jul
59,18,4,19-Jul
59,19,2,19-Jul
59,20,1,19-Jul
59,21,5,19-Jul
59,22,3,19-Jul
59,23,3,19-Jul
59,24,3,19-Jul
59,25,3,19-Jul
60,1,2,19-Jul
60,2,5,19-Jul
60,3,5,19-Jul
60,4,4,19-Jul
60,5,2,19-Jul
60,6,2,19-Jul
60,7,1,19-Jul
60,8,5,19-Jul
60,9,1,19-Jul
60,10,1,19-Jul
60,11,4,19-Jul
60,12,1,19-Jul
60,13,1,19-Jul
60,14,5,19-Jul
60,15,5,19-Jul
60,16,2,19-Jul
60,17,3,19-Jul
60,18,5,19-Jul
60,19,1,19-Jul
60,20,3,19-Jul
60,21,3,19-Jul
60,22,3,19-Jul
60,23,4,19-Jul
60,24,1,19-Jul
60,25,2,19-Jul
61,1,3,19-Jul
61,2,5,19-Jul
61,3,5,19-Jul
61,4,4,19-Jul
61,5,4,19-Jul
61,6,3,19-Jul
61,7,3,19-Jul
61,8,2,19-Jul
61,9,4,19-Jul
61,10,5,19-Jul
61,11,4,19-Jul
61,12,1,19-Jul
61,13,5,19-Jul
61,14,3,19-Jul
61,15,1,19-Jul
61,16,1,19-Jul
61,17,4,19-Jul
61,18,3,19-Jul
61,19,5,19-Jul
61,20,2,19-Jul
61,21,3,19-Jul
61,22,5,19-Jul
61,23,5,19-Jul
61,24,4,19-Jul
61,25,4,19-Jul
62,1,3,19-Jul
62,2,3,19-Jul
62,3,1,19-Jul
62,4,4,19-Jul
62,5,2,19-Jul
62,6,5,19-Jul
62,7,4,19-Jul
62,8,1,19-Jul
62,9,4,19-Jul
62,10,3,19-Jul
62,11,5,19-Jul
62,12,2,19-Jul
62,13,5,19-Jul
62,14,3,19-Jul
62,15,1,19-Jul
62,16,5,19-Jul
62,17,3,19-Jul
62,18,4,19-Jul
62,19,5,19-Jul
62,20,4,19-Jul
62,21,5,19-Jul
62,22,5,19-Jul
62,23,4,19-Jul
62,24,4,19-Jul
62,25,1,19-Jul
63,1,3,19-Jul
63,2,1,19-Jul
63,3,3,19-Jul
63,4,2,19-Jul
63,5,3,19-Jul
63,6,5,19-Jul
63,7,2,19-Jul
63,8,4,19-Jul
63,9,2,19-Jul
63,10,1,19-Jul
63,11,2,19-Jul
63,12,4,19-Jul
63,13,3,19-Jul
63,14,2,19-Jul
63,15,4,19-Jul
63,16,2,19-Jul
63,17,5,19-Jul
63,18,1,19-Jul
63,19,5,19-Jul
63,20,1,19-Jul
63,21,2,19-Jul
63,22,5,19-Jul
63,23,3,19-Jul
63,24,5,19-Jul
63,25,1,19-Jul
64,1,4,19-Jul
64,2,1,19-Jul
64,3,1,19-Jul
64,4,2,19-Jul
64,5,4,19-Jul
64,6,1,19-Jul
64,7,2,19-Jul
64,8,4,19-Jul
64,9,5,19-Jul
64,10,1,19-Jul
64,11,1,19-Jul
64,12,2,19-Jul
64,13,3,19-Jul
64,14,1,19-Jul
64,15,2,19-Jul
64,16,4,19-Jul
64,17,2,19-Jul
64,18,3,19-Jul
64,19,4,19-Jul
64,20,3,19-Jul
64,21,1,19-Jul
64,22,4,19-Jul
64,23,2,19-Jul
64,24,2,19-Jul
64,25,2,19-Jul
65,1,3,19-Jul
65,2,2,19-Jul
65,3,2,19-Jul
65,4,4,19-Jul
65,5,1,19-Jul
65,6,2,19-Jul
65,7,5,19-Jul
65,8,4,19-Jul
65,9,4,19-Jul
65,10,5,19-Jul
65,11,2,19-Jul
65,12,4,19-Jul
65,13,4,19-Jul
65,14,4,19-Jul
65,15,4,19-Jul
65,16,5,19-Jul
65,17,4,19-Jul
65,18,2,19-Jul
65,19,2,19-Jul
65,20,4,19-Jul
65,21,3,19-Jul
65,22,3,19-Jul
65,23,5,19-Jul
65,24,3,19-Jul
65,25,5,19-Jul
66,1,3,19-Jul
66,2,1,19-Jul
66,3,3,19-Jul
66,4,1,19-Jul
66,5,5,19-Jul
66,6,4,19-Jul
66,7,5,19-Jul
66,8,2,19-Jul
66,9,2,19-Jul
66,10,3,19-Jul
66,11,3,19-Jul
66,12,3,19-Jul
66,13,4,19-Jul
66,14,3,19-Jul
66,15,1,19-Jul
66,16,4,19-Jul
66,17,5,19-Jul
66,18,1,19-Jul
66,19,4,19-Jul
66,20,4,19-Jul
66,21,1,19-Jul
66,22,5,19-Jul
66,23,2,19-Jul
66,24,3,19-Jul
66,25,2,19-Jul
67,1,2,19-Jul
67,2,1,19-Jul
67,3,5,19-Jul
67,4,2,19-Jul
67,5,1,19-Jul
67,6,1,19-Jul
67,7,2,19-Jul
67,8,5,19-Jul
67,9,3,19-Jul
67,10,5,19-Jul
67,11,5,19-Jul
67,12,3,19-Jul
67,13,3,19-Jul
67,14,4,19-Jul
67,15,2,19-Jul
67,16,1,19-Jul
67,17,3,19-Jul
67,18,3,19-Jul
67,19,2,19-Jul
67,20,5,19-Jul
67,21,5,19-Jul
67,22,4,19-Jul
67,23,5,19-Jul
67,24,2,19-Jul
67,25,2,19-Jul
68,1,5,19-Jul
68,2,2,19-Jul
68,3,1,19-Jul
68,4,5,19-Jul
68,5,1,19-Jul
68,6,2,19-Jul
68,7,5,19-Jul
68,8,1,19-Jul
68,9,1,19-Jul
68,10,3,19-Jul
68,11,1,19-Jul
68,12,5,19-Jul
68,13,1,19-Jul
68,14,4,19-Jul
68,15,5,19-Jul
68,16,5,19-Jul
68,17,1,19-Jul
68,18,1,19-Jul
68,19,1,19-Jul
68,20,4,19-Jul
68,21,1,19-Jul
68,22,2,19-Jul
68,23,5,19-Jul
68,24,1,19-Jul
68,25,2,19-Jul
69,1,1,19-Jul
69,2,5,19-Jul
69,3,3,19-Jul
69,4,5,19-Jul
69,5,2,19-Jul
69,6,2,19-Jul
69,7,2,19-Jul
69,8,1,19-Jul
69,9,2,19-Jul
69,10,4,19-Jul
69,11,4,19-Jul
69,12,2,19-Jul
69,13,1,19-Jul
69,14,4,19-Jul
69,15,3,19-Jul
69,16,5,19-Jul
69,17,4,19-Jul
69,18,5,19-Jul
69,19,1,19-Jul
69,20,1,19-Jul
69,21,4,19-Jul
69,22,3,19-Jul
69,23,1,19-Jul
69,24,5,19-Jul
69,25,1,19-Jul
70,1,2,19-Jul
70,2,3,19-Jul
70,3,1,19-Jul
70,4,4,19-Jul
70,5,5,19-Jul
70,6,3,19-Jul
70,7,1,19-Jul
70,8,4,19-Jul
70,9,5,19-Jul
70,10,4,19-Jul
70,11,4,19-Jul
70,12,3,19-Jul
70,13,4,19-Jul
70,14,5,19-Jul
70,15,2,19-Jul
70,16,3,19-Jul
70,17,4,19-Jul
70,18,3,19-Jul
70,19,3,19-Jul
70,20,4,19-Jul
70,21,5,19-Jul
70,22,4,19-Jul
70,23,3,19-Jul
70,24,3,19-Jul
70,25,1,19-Jul
71,1,4,19-Jul
71,2,5,19-Jul
71,3,2,19-Jul
71,4,5,19-Jul
71,5,5,19-Jul
71,6,1,19-Jul
71,7,4,19-Jul
71,8,4,19-Jul
71,9,4,19-Jul
71,10,1,19-Jul
71,11,1,19-Jul
71,12,3,19-Jul
71,13,4,19-Jul
71,14,1,19-Jul
71,15,5,19-Jul
71,16,1,19-Jul
71,17,4,19-Jul
71,18,3,19-Jul
71,19,2,19-Jul
71,20,5,19-Jul
71,21,1,19-Jul
71,22,3,19-Jul
71,23,2,19-Jul
71,24,4,19-Jul
71,25,5,19-Jul
72,1,2,19-Jul
72,2,1,19-Jul
72,3,2,19-Jul
72,4,3,19-Jul
72,5,2,19-Jul
72,6,5,19-Jul
72,7,5,19-Jul
72,8,1,19-Jul
72,9,2,19-Jul
72,10,3,19-Jul
72,11,4,19-Jul
72,12,5,19-Jul
72,13,4,19-Jul
72,14,5,19-Jul
72,15,2,19-Jul
72,16,3,19-Jul
72,17,3,19-Jul
72,18,2,19-Jul
72,19,3,19-Jul
72,20,5,19-Jul
72,21,5,19-Jul
72,22,2,19-Jul
72,23,2,19-Jul
72,24,5,19-Jul
72,25,5,19-Jul
73,1,2,19-Jul
73,2,1,19-Jul
73,3,3,19-Jul
73,4,1,19-Jul
73,5,1,19-Jul
73,6,2,19-Jul
73,7,4,19-Jul
73,8,2,19-Jul
73,9,4,19-Jul
73,10,5,19-Jul
73,11,5,19-Jul
73,12,1,19-Jul
73,13,3,19-Jul
73,14,2,19-Jul
73,15,1,19-Jul
73,16,5,19-Jul
73,17,4,19-Jul
73,18,1,19-Jul
73,19,4,19-Jul
73,20,4,19-Jul
73,21,2,19-Jul
73,22,3,19-Jul
73,23,5,19-Jul
73,24,4,19-Jul
73,25,5,19-Jul
74,1,4,19-Jul
74,2,5,19-Jul
74,3,5,19-Jul
74,4,3,19-Jul
74,5,1,19-Jul
74,6,3,19-Jul
74,7,5,19-Jul
74,8,2,19-Jul
74,9,4,19-Jul
74,10,5,19-Jul
74,11,3,19-Jul
74,12,5,19-Jul
74,13,4,19-Jul
74,14,1,19-Jul
74,15,1,19-Jul
74,16,2,19-Jul
74,17,1,19-Jul
74,18,5,19-Jul
74,19,1,19-Jul
74,20,2,19-Jul
74,21,5,19-Jul
74,22,1,19-Jul
74,23,1,19-Jul
74,24,1,19-Jul
74,25,2,19-Jul
75,1,3,19-Jul
75,2,4,19-Jul
75,3,5,19-Jul
75,4,4,19-Jul
75,5,5,19-Jul
75,6,2,19-Jul
75,7,4,19-Jul
75,8,5,19-Jul
75,9,1,19-Jul
75,10,1,19-Jul
75,11,1,19-Jul
75,12,3,19-Jul
75,13,5,19-Jul
75,14,2,19-Jul
75,15,3,19-Jul
75,16,3,19-Jul
75,17,2,19-Jul
75,18,2,19-Jul
75,19,2,19-Jul
75,20,4,19-Jul
75,21,4,19-Jul
75,22,5,19-Jul
75,23,5,19-Jul
75,24,4,19-Jul
75,25,5,19-Jul
76,1,1,19-Jul
76,2,1,19-Jul
76,3,4,19-Jul
76,4,3,19-Jul
76,5,3,19-Jul
76,6,3,19-Jul
76,7,1,19-Jul
76,8,5,19-Jul
76,9,1,19-Jul
76,10,2,19-Jul
76,11,1,19-Jul
76,12,1,19-Jul
76,13,5,19-Jul
76,14,2,19-Jul
76,15,1,19-Jul
76,16,2,19-Jul
76,17,3,19-Jul
76,18,1,19-Jul
76,19,1,19-Jul
76,20,5,19-Jul
76,21,4,19-Jul
76,22,5,19-Jul
76,23,2,19-Jul
76,24,5,19-Jul
76,25,2,19-Jul
77,1,5,19-Jul
77,2,4,19-Jul
77,3,4,19-Jul
77,4,4,19-Jul
77,5,5,19-Jul
77,6,1,19-Jul
77,7,2,19-Jul
77,8,4,19-Jul
77,9,1,19-Jul
77,10,5,19-Jul
77,11,1,19-Jul
77,12,4,19-Jul
77,13,4,19-Jul
77,14,3,19-Jul
77,15,1,19-Jul
77,16,5,19-Jul
77,17,3,19-Jul
77,18,3,19-Jul
77,19,1,19-Jul
77,20,4,19-Jul
77,21,2,19-Jul
77,22,4,19-Jul
77,23,5,19-Jul
77,24,5,19-Jul
77,25,3,19-Jul
78,1,2,19-Jul
78,2,2,19-Jul
78,3,3,19-Jul
78,4,4,19-Jul
78,5,4,19-Jul
78,6,1,19-Jul
78,7,2,19-Jul
78,8,3,19-Jul
78,9,5,19-Jul
78,10,1,19-Jul
78,11,3,19-Jul
78,12,5,19-Jul
78,13,5,19-Jul
78,14,5,19-Jul
78,15,3,19-Jul
78,16,4,19-Jul
78,17,4,19-Jul
78,18,4,19-Jul
78,19,4,19-Jul
78,20,1,19-Jul
78,21,3,19-Jul
78,22,4,19-Jul
78,23,2,19-Jul
78,24,2,19-Jul
78,25,3,19-Jul
79,1,1,19-Jul
79,2,4,19-Jul
79,3,5,19-Jul
79,4,4,19-Jul
79,5,4,19-Jul
79,6,5,19-Jul
79,7,4,19-Jul
79,8,4,19-Jul
79,9,1,19-Jul
79,10,3,19-Jul
79,11,3,19-Jul
79,12,2,19-Jul
79,13,3,19-Jul
79,14,4,19-Jul
79,15,4,19-Jul
79,16,4,19-Jul
79,17,2,19-Jul
79,18,2,19-Jul
79,19,1,19-Jul
79,20,5,19-Jul
79,21,3,19-Jul
79,22,2,19-Jul
79,23,4,19-Jul
79,24,3,19-Jul
79,25,3,19-Jul
80,1,5,19-Jul
80,2,4,19-Jul
80,3,3,19-Jul
80,4,2,19-Jul
80,5,4,19-Jul
80,6,1,19-Jul
80,7,1,19-Jul
80,8,5,19-Jul
80,9,3,19-Jul
80,10,3,19-Jul
80,11,3,19-Jul
80,12,2,19-Jul
80,13,1,19-Jul
80,14,5,19-Jul
80,15,2,19-Jul
80,16,5,19-Jul
80,17,3,19-Jul
80,18,5,19-Jul
80,19,1,19-Jul
80,20,5,19-Jul
80,21,4,19-Jul
80,22,5,19-Jul
80,23,1,19-Jul
80,24,3,19-Jul
80,25,1,19-Jul
81,1,1,19-Jul
81,2,3,19-Jul
81,3,3,19-Jul
81,4,5,19-Jul
81,5,4,19-Jul
81,6,5,19-Jul
81,7,5,19-Jul
81,8,3,19-Jul
81,9,3,19-Jul
81,10,1,19-Jul
81,11,5,19-Jul
81,12,4,19-Jul
81,13,1,19-Jul
81,14,2,19-Jul
81,15,2,19-Jul
81,16,5,19-Jul
81,17,3,19-Jul
81,18,4,19-Jul
81,19,3,19-Jul
81,20,5,19-Jul
81,21,5,19-Jul
81,22,1,19-Jul
81,23,4,19-Jul
81,24,2,19-Jul
81,25,5,19-Jul
82,1,4,19-Jul
82,2,2,19-Jul
82,3,5,19-Jul
82,4,3,19-Jul
82,5,2,19-Jul
82,6,1,19-Jul
82,7,1,19-Jul
82,8,3,19-Jul
82,9,4,19-Jul
82,10,3,19-Jul
82,11,4,19-Jul
82,12,5,19-Jul
82,13,2,19-Jul
82,14,2,19-Jul
82,15,3,19-Jul
82,16,2,19-Jul
82,17,5,19-Jul
82,18,4,19-Jul
82,19,2,19-Jul
82,20,3,19-Jul
82,21,5,19-Jul
82,22,2,19-Jul
82,23,4,19-Jul
82,24,3,19-Jul
82,25,5,19-Jul
83,1,2,19-Jul
83,2,5,19-Jul
83,3,3,19-Jul
83,4,3,19-Jul
83,5,1,19-Jul
83,6,2,19-Jul
83,7,4,19-Jul
83,8,5,19-Jul
83,9,2,19-Jul
83,10,4,19-Jul
83,11,4,19-Jul
83,12,1,19-Jul
83,13,3,19-Jul
83,14,1,19-Jul
83,15,4,19-Jul
83,16,1,19-Jul
83,17,1,19-Jul
83,18,3,19-Jul
83,19,1,19-Jul
83,20,5,19-Jul
83,21,5,19-Jul
83,22,3,19-Jul
83,23,5,19-Jul
83,24,5,19-Jul
83,25,1,19-Jul
84,1,2,19-Jul
84,2,1,19-Jul
84,3,1,19-Jul
84,4,5,19-Jul
84,5,5,19-Jul
84,6,5,19-Jul
84,7,1,19-Jul
84,8,1,19-Jul
84,9,1,19-Jul
84,10,1,19-Jul
84,11,2,19-Jul
84,12,5,19-Jul
84,13,5,19-Jul
84,14,4,19-Jul
84,15,5,19-Jul
84,16,4,19-Jul
84,17,4,19-Jul
84,18,2,19-Jul
84,19,3,19-Jul
84,20,1,19-Jul
84,21,3,19-Jul
84,22,3,19-Jul
84,23,4,19-Jul
84,24,5,19-Jul
84,25,4,19-Jul
85,1,4,19-Jul
85,2,3,19-Jul
85,3,3,19-Jul
85,4,3,19-Jul
85,5,3,19-Jul
85,6,4,19-Jul
85,7,2,19-Jul
85,8,1,19-Jul
85,9,5,19-Jul
85,10,4,19-Jul
85,11,1,19-Jul
85,12,2,19-Jul
85,13,3,19-Jul
85,14,2,19-Jul
85,15,4,19-Jul
85,16,1,19-Jul
85,17,4,19-Jul
85,18,3,19-Jul
85,19,2,19-Jul
85,20,4,19-Jul
85,21,1,19-Jul
85,22,4,19-Jul
85,23,5,19-Jul
85,24,3,19-Jul
85,25,5,19-Jul
86,1,1,19-Jul
86,2,2,19-Jul
86,3,5,19-Jul
86,4,2,19-Jul
86,5,5,19-Jul
86,6,4,19-Jul
86,7,2,19-Jul
86,8,2,19-Jul
86,9,5,19-Jul
86,10,3,19-Jul
86,11,1,19-Jul
86,12,4,19-Jul
86,13,4,19-Jul
86,14,2,19-Jul
86,15,2,19-Jul
86,16,3,19-Jul
86,17,5,19-Jul
86,18,5,19-Jul
86,19,5,19-Jul
86,20,3,19-Jul
86,21,3,19-Jul
86,22,1,19-Jul
86,23,3,19-Jul
86,24,3,19-Jul
86,25,2,19-Jul
87,1,4,19-Jul
87,2,3,19-Jul
87,3,2,19-Jul
87,4,5,19-Jul
87,5,1,19-Jul
87,6,2,19-Jul
87,7,3,19-Jul
87,8,2,19-Jul
87,9,3,19-Jul
87,10,2,19-Jul
87,11,4,19-Jul
87,12,2,19-Jul
87,13,5,19-Jul
87,14,1,19-Jul
87,15,5,19-Jul
87,16,4,19-Jul
87,17,3,19-Jul
87,18,1,19-Jul
87,19,2,19-Jul
87,20,3,19-Jul
87,21,4,19-Jul
87,22,5,19-Jul
87,23,3,19-Jul
87,24,1,19-Jul
87,25,5,19-Jul
88,1,4,19-Jul
88,2,3,19-Jul
88,3,4,19-Jul
88,4,4,19-Jul
88,5,5,19-Jul
88,6,2,19-Jul
88,7,1,19-Jul
88,8,1,19-Jul
88,9,1,19-Jul
88,10,2,19-Jul
88,11,4,19-Jul
88,12,1,19-Jul
88,13,5,19-Jul
88,14,5,19-Jul
88,15,5,19-Jul
88,16,3,19-Jul
88,17,3,19-Jul
88,18,4,19-Jul
88,19,2,19-Jul
88,20,3,19-Jul
88,21,5,19-Jul
88,22,2,19-Jul
88,23,1,19-Jul
88,24,5,19-Jul
88,25,1,19-Jul
89,1,2,19-Jul
89,2,4,19-Jul
89,3,1,19-Jul
89,4,5,19-Jul
89,5,2,19-Jul
89,6,4,19-Jul
89,7,1,19-Jul
89,8,1,19-Jul
89,9,1,19-Jul
89,10,5,19-Jul
89,11,3,19-Jul
89,12,3,19-Jul
89,13,4,19-Jul
89,14,5,19-Jul
89,15,2,19-Jul
89,16,1,19-Jul
89,17,3,19-Jul
89,18,1,19-Jul
89,19,4,19-Jul
89,20,2,19-Jul
89,21,1,19-Jul
89,22,4,19-Jul
89,23,1,19-Jul
89,24,2,19-Jul
89,25,2,19-Jul
90,1,2,19-Jul
90,2,1,19-Jul
90,3,1,19-Jul
90,4,3,19-Jul
90,5,3,19-Jul
90,6,3,19-Jul
90,7,5,19-Jul
90,8,5,19-Jul
90,9,1,19-Jul
90,10,2,19-Jul
90,11,1,19-Jul
90,12,1,19-Jul
90,13,1,19-Jul
90,14,1,19-Jul
90,15,2,19-Jul
90,16,3,19-Jul
90,17,2,19-Jul
90,18,3,19-Jul
90,19,3,19-Jul
90,20,2,19-Jul
90,21,1,19-Jul
90,22,3,19-Jul
90,23,2,19-Jul
90,24,3,19-Jul
90,25,4,19-Jul
91,1,4,19-Jul
91,2,4,19-Jul
91,3,4,19-Jul
91,4,5,19-Jul
91,5,1,19-Jul
91,6,1,19-Jul
91,7,3,19-Jul
91,8,4,19-Jul
91,9,2,19-Jul
91,10,3,19-Jul
91,11,4,19-Jul
91,12,3,19-Jul
91,13,3,19-Jul
91,14,5,19-Jul
91,15,3,19-Jul
91,16,5,19-Jul
91,17,1,19-Jul
91,18,2,19-Jul
91,19,1,19-Jul
91,20,3,19-Jul
91,21,1,19-Jul
91,22,1,19-Jul
91,23,1,19-Jul
91,24,1,19-Jul
91,25,1,19-Jul
92,1,3,19-Jul
92,2,2,19-Jul
92,3,2,19-Jul
92,4,1,19-Jul
92,5,4,19-Jul
92,6,4,19-Jul
92,7,5,19-Jul
92,8,1,19-Jul
92,9,3,19-Jul
92,10,5,19-Jul
92,11,2,19-Jul
92,12,1,19-Jul
92,13,2,19-Jul
92,14,4,19-Jul
92,15,3,19-Jul
92,16,2,19-Jul
92,17,2,19-Jul
92,18,3,19-Jul
92,19,1,19-Jul
92,20,2,19-Jul
92,21,4,19-Jul
92,22,3,19-Jul
92,23,2,19-Jul
92,24,3,19-Jul
92,25,4,19-Jul
93,1,2,19-Jul
93,2,2,19-Jul
93,3,2,19-Jul
93,4,5,19-Jul
93,5,5,19-Jul
93,6,4,19-Jul
93,7,2,19-Jul
93,8,4,19-Jul
93,9,2,19-Jul
93,10,1,19-Jul
93,11,4,19-Jul
93,12,2,19-Jul
93,13,4,19-Jul
93,14,2,19-Jul
93,15,1,19-Jul
93,16,5,19-Jul
93,17,4,19-Jul
93,18,1,19-Jul
93,19,3,19-Jul
93,20,2,19-Jul
93,21,3,19-Jul
93,22,5,19-Jul
93,23,1,19-Jul
93,24,5,19-Jul
93,25,5,19-Jul
94,1,4,19-Jul
94,2,2,19-Jul
94,3,1,19-Jul
94,4,5,19-Jul
94,5,5,19-Jul
94,6,3,19-Jul
94,7,4,19-Jul
94,8,2,19-Jul
94,9,3,19-Jul
94,10,3,19-Jul
94,11,3,19-Jul
94,12,1,19-Jul
94,13,4,19-Jul
94,14,5,19-Jul
94,15,3,19-Jul
94,16,1,19-Jul
94,17,3,19-Jul
94,18,2,19-Jul
94,19,2,19-Jul
94,20,5,19-Jul
94,21,2,19-Jul
94,22,2,19-Jul
94,23,3,19-Jul
94,24,1,19-Jul
94,25,1,19-Jul
95,1,3,19-Jul
95,2,4,19-Jul
95,3,2,19-Jul
95,4,4,19-Jul
95,5,1,19-Jul
95,6,3,19-Jul
95,7,3,19-Jul
95,8,4,19-Jul
95,9,3,19-Jul
95,10,1,19-Jul
95,11,1,19-Jul
95,12,1,19-Jul
95,13,1,19-Jul
95,14,3,19-Jul
95,15,5,19-Jul
95,16,4,19-Jul
95,17,3,19-Jul
95,18,5,19-Jul
95,19,3,19-Jul
95,20,5,19-Jul
95,21,1,19-Jul
95,22,5,19-Jul
95,23,1,19-Jul
95,24,1,19-Jul
95,25,5,19-Jul
96,1,1,19-Jul
96,2,3,19-Jul
96,3,2,19-Jul
96,4,4,19-Jul
96,5,1,19-Jul
96,6,1,19-Jul
96,7,3,19-Jul
96,8,1,19-Jul
96,9,2,19-Jul
96,10,4,19-Jul
96,11,1,19-Jul
96,12,5,19-Jul
96,13,5,19-Jul
96,14,5,19-Jul
96,15,1,19-Jul
96,16,3,19-Jul
96,17,1,19-Jul
96,18,3,19-Jul
96,19,2,19-Jul
96,20,1,19-Jul
96,21,5,19-Jul
96,22,3,19-Jul
96,23,5,19-Jul
96,24,1,19-Jul
96,25,3,19-Jul
97,1,5,19-Jul
97,2,2,19-Jul
97,3,3,19-Jul
97,4,4,19-Jul
97,5,5,19-Jul
97,6,4,19-Jul
97,7,2,19-Jul
97,8,3,19-Jul
97,9,3,19-Jul
97,10,4,19-Jul
97,11,5,19-Jul
97,12,4,19-Jul
97,13,2,19-Jul
97,14,1,19-Jul
97,15,4,19-Jul
97,16,4,19-Jul
97,17,2,19-Jul
97,18,5,19-Jul
97,19,2,19-Jul
97,20,3,19-Jul
97,21,5,19-Jul
97,22,2,19-Jul
97,23,4,19-Jul
97,24,5,19-Jul
97,25,3,19-Jul
98,1,1,19-Jul
98,2,5,19-Jul
98,3,2,19-Jul
98,4,4,19-Jul
98,5,4,19-Jul
98,6,2,19-Jul
98,7,4,19-Jul
98,8,1,19-Jul
98,9,2,19-Jul
98,10,3,19-Jul
98,11,4,19-Jul
98,12,5,19-Jul
98,13,1,19-Jul
98,14,5,19-Jul
98,15,5,19-Jul
98,16,1,19-Jul
98,17,5,19-Jul
98,18,2,19-Jul
98,19,2,19-Jul
98,20,5,19-Jul
98,21,1,19-Jul
98,22,2,19-Jul
98,23,4,19-Jul
98,24,2,19-Jul
98,25,2,19-Jul
99,1,3,19-Jul
99,2,1,19-Jul
99,3,2,19-Jul
99,4,4,19-Jul
99,5,4,19-Jul
99,6,4,19-Jul
99,7,5,19-Jul
99,8,1,19-Jul
99,9,2,19-Jul
99,10,4,19-Jul
99,11,3,19-Jul
99,12,2,19-Jul
99,13,4,19-Jul
99,14,4,19-Jul
99,15,2,19-Jul
99,16,2,19-Jul
99,17,4,19-Jul
99,18,4,19-Jul
99,19,5,19-Jul
99,20,4,19-Jul
99,21,5,19-Jul
99,22,5,19-Jul
99,23,3,19-Jul
99,24,2,19-Jul
99,25,3,19-Jul
100,1,5,19-Jul
100,2,1,19-Jul
100,3,3,19-Jul
100,4,4,19-Jul
100,5,1,19-Jul
100,6,4,19-Jul
100,7,2,19-Jul
100,8,2,19-Jul
100,9,1,19-Jul
100,10,2,19-Jul
100,11,2,19-Jul
100,12,4,19-Jul
100,13,4,19-Jul
100,14,4,19-Jul
100,15,5,19-Jul
100,16,2,19-Jul
100,17,3,19-Jul
100,18,4,19-Jul
100,19,2,19-Jul
100,20,2,19-Jul
100,21,1,19-Jul
100,22,5,19-Jul
100,23,3,19-Jul
100,24,1,19-Jul
100,25,4,19-Jul
101,1,4,19-Jul
101,2,3,19-Jul
101,3,2,19-Jul
101,4,2,19-Jul
101,5,2,19-Jul
101,6,5,19-Jul
101,7,1,19-Jul
101,8,4,19-Jul
101,9,1,19-Jul
101,10,3,19-Jul
101,11,2,19-Jul
101,12,5,19-Jul
101,13,5,19-Jul
101,14,5,19-Jul
101,15,4,19-Jul
101,16,4,19-Jul
101,17,4,19-Jul
101,18,3,19-Jul
101,19,3,19-Jul
101,20,5,19-Jul
101,21,4,19-Jul
101,22,4,19-Jul
101,23,5,19-Jul
101,24,1,19-Jul
101,25,2,19-Jul
102,1,1,19-Jul
102,2,5,19-Jul
102,3,2,19-Jul
102,4,2,19-Jul
102,5,1,19-Jul
102,6,2,19-Jul
102,7,3,19-Jul
102,8,5,19-Jul
102,9,3,19-Jul
102,10,3,19-Jul
102,11,2,19-Jul
102,12,5,19-Jul
102,13,3,19-Jul
102,14,4,19-Jul
102,15,5,19-Jul
102,16,4,19-Jul
102,17,3,19-Jul
102,18,3,19-Jul
102,19,4,19-Jul
102,20,2,19-Jul
102,21,4,19-Jul
102,22,1,19-Jul
102,23,1,19-Jul
102,24,3,19-Jul
102,25,5,19-Jul
103,1,2,19-Jul
103,2,3,19-Jul
103,3,1,19-Jul
103,4,4,19-Jul
103,5,2,19-Jul
103,6,2,19-Jul
103,7,2,19-Jul
103,8,5,19-Jul
103,9,5,19-Jul
103,10,3,19-Jul
103,11,5,19-Jul
103,12,2,19-Jul
103,13,5,19-Jul
103,14,1,19-Jul
103,15,4,19-Jul
103,16,4,19-Jul
103,17,2,19-Jul
103,18,4,19-Jul
103,19,2,19-Jul
103,20,4,19-Jul
103,21,5,19-Jul
103,22,2,19-Jul
103,23,1,19-Jul
103,24,5,19-Jul
103,25,4,19-Jul
104,1,5,19-Jul
104,2,3,19-Jul
104,3,3,19-Jul
104,4,1,19-Jul
104,5,1,19-Jul
104,6,1,19-Jul
104,7,5,19-Jul
104,8,2,19-Jul
104,9,2,19-Jul
104,10,4,19-Jul
104,11,4,19-Jul
104,12,1,19-Jul
104,13,1,19-Jul
104,14,4,19-Jul
104,15,1,19-Jul
104,16,1,19-Jul
104,17,2,19-Jul
104,18,3,19-Jul
104,19,1,19-Jul
104,20,3,19-Jul
104,21,4,19-Jul
104,22,2,19-Jul
104,23,4,19-Jul
104,24,2,19-Jul
104,25,4,19-Jul
105,1,5,19-Jul
105,2,4,19-Jul
105,3,3,19-Jul
105,4,3,19-Jul
105,5,4,19-Jul
105,6,2,19-Jul
105,7,1,19-Jul
105,8,5,19-Jul
105,9,2,19-Jul
105,10,2,19-Jul
105,11,1,19-Jul
105,12,4,19-Jul
105,13,3,19-Jul
105,14,1,19-Jul
105,15,5,19-Jul
105,16,2,19-Jul
105,17,4,19-Jul
105,18,3,19-Jul
105,19,2,19-Jul
105,20,4,19-Jul
105,21,4,19-Jul
105,22,5,19-Jul
105,23,5,19-Jul
105,24,3,19-Jul
105,25,4,19-Jul
106,1,2,19-Jul
106,2,1,19-Jul
106,3,5,19-Jul
106,4,1,19-Jul
106,5,2,19-Jul
106,6,2,19-Jul
106,7,5,19-Jul
106,8,3,19-Jul
106,9,3,19-Jul
106,10,5,19-Jul
106,11,2,19-Jul
106,12,2,19-Jul
106,13,2,19-Jul
106,14,4,19-Jul
106,15,2,19-Jul
106,16,5,19-Jul
106,17,4,19-Jul
106,18,2,19-Jul
106,19,5,19-Jul
106,20,3,19-Jul
106,21,1,19-Jul
106,22,1,19-Jul
106,23,2,19-Jul
106,24,2,19-Jul
106,25,4,19-Jul
107,1,1,19-Jul
107,2,3,19-Jul
107,3,1,19-Jul
107,4,1,19-Jul
107,5,2,19-Jul
107,6,5,19-Jul
107,7,4,19-Jul
107,8,5,19-Jul
107,9,3,19-Jul
107,10,4,19-Jul
107,11,4,19-Jul
107,12,3,19-Jul
107,13,5,19-Jul
107,14,5,19-Jul
107,15,4,19-Jul
107,16,2,19-Jul
107,17,2,19-Jul
107,18,3,19-Jul
107,19,1,19-Jul
107,20,2,19-Jul
107,21,5,19-Jul
107,22,1,19-Jul
107,23,1,19-Jul
107,24,3,19-Jul
107,25,4,19-Jul
108,1,5,19-Jul
108,2,2,19-Jul
108,3,2,19-Jul
108,4,5,19-Jul
108,5,5,19-Jul
108,6,3,19-Jul
108,7,4,19-Jul
108,8,4,19-Jul
108,9,5,19-Jul
108,10,1,19-Jul
108,11,2,19-Jul
108,12,2,19-Jul
108,13,4,19-Jul
108,14,5,19-Jul
108,15,1,19-Jul
108,16,2,19-Jul
108,17,3,19-Jul
108,18,2,19-Jul
108,19,2,19-Jul
108,20,4,19-Jul
108,21,3,19-Jul
108,22,2,19-Jul
108,23,1,19-Jul
108,24,3,19-Jul
108,25,5,19-Jul
109,1,5,19-Jul
109,2,1,19-Jul
109,3,5,19-Jul
109,4,2,19-Jul
109,5,1,19-Jul
109,6,3,19-Jul
109,7,5,19-Jul
109,8,4,19-Jul
109,9,3,19-Jul
109,10,1,19-Jul
109,11,1,19-Jul
109,12,1,19-Jul
109,13,5,19-Jul
109,14,1,19-Jul
109,15,1,19-Jul
109,16,2,19-Jul
109,17,1,19-Jul
109,18,1,19-Jul
109,19,5,19-Jul
109,20,4,19-Jul
109,21,4,19-Jul
109,22,4,19-Jul
109,23,2,19-Jul
109,24,2,19-Jul
109,25,3,19-Jul
110,1,5,19-Jul
110,2,4,19-Jul
110,3,2,19-Jul
110,4,3,19-Jul
110,5,1,19-Jul
110,6,1,19-Jul
110,7,5,19-Jul
110,8,4,19-Jul
110,9,4,19-Jul
110,10,2,19-Jul
110,11,1,19-Jul
110,12,2,19-Jul
110,13,1,19-Jul
110,14,5,19-Jul
110,15,4,19-Jul
110,16,5,19-Jul
110,17,5,19-Jul
110,18,1,19-Jul
110,19,2,19-Jul
110,20,2,19-Jul
110,21,1,19-Jul
110,22,4,19-Jul
110,23,1,19-Jul
110,24,4,19-Jul
110,25,3,19-Jul
111,1,2,19-Jul
111,2,1,19-Jul
111,3,5,19-Jul
111,4,4,19-Jul
111,5,1,19-Jul
111,6,1,19-Jul
111,7,3,19-Jul
111,8,4,19-Jul
111,9,3,19-Jul
111,10,2,19-Jul
111,11,1,19-Jul
111,12,4,19-Jul
111,13,4,19-Jul
111,14,5,19-Jul
111,15,3,19-Jul
111,16,4,19-Jul
111,17,4,19-Jul
111,18,4,19-Jul
111,19,4,19-Jul
111,20,4,19-Jul
111,21,3,19-Jul
111,22,1,19-Jul
111,23,2,19-Jul
111,24,4,19-Jul
111,25,5,19-Jul
112,1,1,19-Jul
112,2,1,19-Jul
112,3,1,19-Jul
112,4,2,19-Jul
112,5,3,19-Jul
112,6,1,19-Jul
112,7,1,19-Jul
112,8,2,19-Jul
112,9,3,19-Jul
112,10,3,19-Jul
112,11,3,19-Jul
112,12,2,19-Jul
112,13,5,19-Jul
112,14,1,19-Jul
112,15,4,19-Jul
112,16,5,19-Jul
112,17,4,19-Jul
112,18,3,19-Jul
112,19,3,19-Jul
112,20,1,19-Jul
112,21,2,19-Jul
112,22,2,19-Jul
112,23,4,19-Jul
112,24,5,19-Jul
112,25,1,19-Jul
113,1,4,19-Jul
113,2,2,19-Jul
113,3,1,19-Jul
113,4,5,19-Jul
113,5,3,19-Jul
113,6,3,19-Jul
113,7,3,19-Jul
113,8,3,19-Jul
113,9,2,19-Jul
113,10,5,19-Jul
113,11,5,19-Jul
113,12,4,19-Jul
113,13,2,19-Jul
113,14,2,19-Jul
113,15,1,19-Jul
113,16,5,19-Jul
113,17,1,19-Jul
113,18,1,19-Jul
113,19,4,19-Jul
113,20,1,19-Jul
113,21,1,19-Jul
113,22,5,19-Jul
113,23,5,19-Jul
113,24,2,19-Jul
113,25,3,19-Jul
114,1,5,19-Jul
114,2,1,19-Jul
114,3,3,19-Jul
114,4,3,19-Jul
114,5,3,19-Jul
114,6,4,19-Jul
114,7,1,19-Jul
114,8,2,19-Jul
114,9,3,19-Jul
114,10,5,19-Jul
114,11,5,19-Jul
114,12,4,19-Jul
114,13,4,19-Jul
114,14,3,19-Jul
114,15,3,19-Jul
114,16,2,19-Jul
114,17,4,19-Jul
114,18,5,19-Jul
114,19,4,19-Jul
114,20,1,19-Jul
114,21,5,19-Jul
114,22,3,19-Jul
114,23,1,19-Jul
114,24,1,19-Jul
114,25,4,19-Jul
115,1,3,19-Jul
115,2,5,19-Jul
115,3,2,19-Jul
115,4,3,19-Jul
115,5,5,19-Jul
115,6,5,19-Jul
115,7,4,19-Jul
115,8,4,19-Jul
115,9,3,19-Jul
115,10,3,19-Jul
115,11,1,19-Jul
115,12,4,19-Jul
115,13,2,19-Jul
115,14,5,19-Jul
115,15,4,19-Jul
115,16,1,19-Jul
115,17,4,19-Jul
115,18,3,19-Jul
115,19,5,19-Jul
115,20,2,19-Jul
115,21,5,19-Jul
115,22,3,19-Jul
115,23,1,19-Jul
115,24,5,19-Jul
115,25,3,19-Jul
116,1,4,19-Jul
116,2,5,19-Jul
116,3,4,19-Jul
116,4,5,19-Jul
116,5,5,19-Jul
116,6,4,19-Jul
116,7,4,19-Jul
116,8,1,19-Jul
116,9,3,19-Jul
116,10,1,19-Jul
116,11,3,19-Jul
116,12,2,19-Jul
116,13,3,19-Jul
116,14,5,19-Jul
116,15,2,19-Jul
116,16,4,19-Jul
116,17,2,19-Jul
116,18,1,19-Jul
116,19,2,19-Jul
116,20,4,19-Jul
116,21,3,19-Jul
116,22,2,19-Jul
116,23,4,19-Jul
116,24,2,19-Jul
116,25,5,19-Jul
117,1,1,19-Jul
117,2,5,19-Jul
117,3,1,19-Jul
117,4,2,19-Jul
117,5,5,19-Jul
117,6,3,19-Jul
117,7,5,19-Jul
117,8,1,19-Jul
117,9,4,19-Jul
117,10,1,19-Jul
117,11,1,19-Jul
117,12,2,19-Jul
117,13,4,19-Jul
117,14,1,19-Jul
117,15,2,19-Jul
117,16,4,19-Jul
117,17,5,19-Jul
117,18,1,19-Jul
117,19,1,19-Jul
117,20,2,19-Jul
117,21,3,19-Jul
117,22,1,19-Jul
117,23,2,19-Jul
117,24,4,19-Jul
117,25,2,19-Jul
118,1,3,19-Jul
118,2,4,19-Jul
118,3,3,19-Jul
118,4,1,19-Jul
118,5,4,19-Jul
118,6,2,19-Jul
118,7,2,19-Jul
118,8,2,19-Jul
118,9,3,19-Jul
118,10,2,19-Jul
118,11,2,19-Jul
118,12,4,19-Jul
118,13,1,19-Jul
118,14,2,19-Jul
118,15,5,19-Jul
118,16,4,19-Jul
118,17,4,19-Jul
118,18,5,19-Jul
118,19,2,19-Jul
118,20,4,19-Jul
118,21,4,19-Jul
118,22,4,19-Jul
118,23,4,19-Jul
118,24,5,19-Jul
118,25,4,19-Jul
119,1,2,19-Jul
119,2,2,19-Jul
119,3,4,19-Jul
119,4,3,19-Jul
119,5,3,19-Jul
119,6,5,19-Jul
119,7,3,19-Jul
119,8,5,19-Jul
119,9,3,19-Jul
119,10,1,19-Jul
119,11,3,19-Jul
119,12,1,19-Jul
119,13,5,19-Jul
119,14,4,19-Jul
119,15,5,19-Jul
119,16,2,19-Jul
119,17,2,19-Jul
119,18,3,19-Jul
119,19,3,19-Jul
119,20,3,19-Jul
119,21,4,19-Jul
119,22,3,19-Jul
119,23,1,19-Jul
119,24,4,19-Jul
119,25,5,19-Jul
120,1,1,19-Jul
120,2,4,19-Jul
120,3,4,19-Jul
120,4,1,19-Jul
120,5,5,19-Jul
120,6,2,19-Jul
120,7,3,19-Jul
120,8,2,19-Jul
120,9,2,19-Jul
120,10,1,19-Jul
120,11,5,19-Jul
120,12,2,19-Jul
120,13,1,19-Jul
120,14,1,19-Jul
120,15,2,19-Jul
120,16,5,19-Jul
120,17,3,19-Jul
120,18,5,19-Jul
120,19,5,19-Jul
120,20,3,19-Jul
120,21,3,19-Jul
120,22,4,19-Jul
120,23,2,19-Jul
120,24,1,19-Jul
120,25,3,19-Jul
121,1,3,19-Jul
121,2,2,19-Jul
121,3,5,19-Jul
121,4,5,19-Jul
121,5,4,19-Jul
121,6,5,19-Jul
121,7,2,19-Jul
121,8,2,19-Jul
121,9,5,19-Jul
121,10,2,19-Jul
121,11,1,19-Jul
121,12,5,19-Jul
121,13,1,19-Jul
121,14,2,19-Jul
121,15,5,19-Jul
121,16,1,19-Jul
121,17,1,19-Jul
121,18,3,19-Jul
121,19,1,19-Jul
121,20,5,19-Jul
121,21,1,19-Jul
121,22,4,19-Jul
121,23,5,19-Jul
121,24,5,19-Jul
121,25,1,19-Jul
